Branch,total_revenue,revenue_rank
C,110568.70649999994,1
A,106200.3705000001,2
B,106197.67199999996,3
