Branch,total_revenue,avg_branch_revenue,difference_from_avg
A,106200.3705000001,107655.58,-1455.2124999998923
C,110568.70649999994,107655.58,2913.1234999999433
B,106197.67199999996,107655.58,-1457.9110000000364
