year,month,monthly_revenue,cumulative_revenue
2019,1,116291.86800000005,116291.86800000005
2019,2,97219.37399999997,213511.24200000003
2019,3,109455.50700000004,322966.74900000007
