City,"Customer type",total_spent,spending_rank
Mandalay,Member,53704.68600000001,1
Mandalay,Normal,52492.98600000003,2
Naypyitaw,Member,56881.282500000016,1
Naypyitaw,Normal,53687.42399999997,2
Yangon,Member,53637.47549999999,1
Yangon,Normal,52562.894999999975,2
